2026-07-04_23-05-39,0,draft.go:2026-07-04_23-05-39
2026-07-04_23-06-40,100,draft.go:2026-07-04_23-06-40
2026-07-04_23-12-41,100,draft.go:2026-07-04_23-06-40
2026-07-04_23-12-42,100,draft.go:2026-07-04_23-06-40
2026-07-07_14-03-28,100,draft.go:2026-07-04_23-06-40
2026-07-07_14-03-43,100,draft.go:2026-07-04_23-06-40
2026-07-07_14-04-08,100,draft.go:2026-07-07_14-04-08
2026-07-07_14-04-10,100,draft.go:2026-07-07_14-04-08
2026-07-07_14-04-11,100,draft.go:2026-07-07_14-04-08
2026-07-07_14-04-12,100,draft.go:2026-07-07_14-04-08
2026-07-07_14-04-13,100,draft.go:2026-07-07_14-04-08
2026-07-07_14-04-20,0,draft.go:2026-07-07_14-04-20
2026-07-07_14-04-21,0,draft.go:2026-07-07_14-04-20
2026-07-07_14-04-57,0,draft.go:2026-07-07_14-04-57
2026-07-07_14-05-02,100,draft.go:2026-07-07_14-05-02
2026-07-07_14-07-06,0,draft.go:2026-07-07_14-07-06
2026-07-07_14-07-06,0,draft.go:2026-07-07_14-07-06
2026-07-07_14-07-07,0,draft.go:2026-07-07_14-07-07
2026-07-07_14-07-29,100,draft.go:2026-07-07_14-07-29
2026-07-07_14-08-40,0,draft.go:2026-07-07_14-08-40
2026-07-07_14-08-46,0,draft.go:2026-07-07_14-08-40
2026-07-07_14-08-48,100,draft.go:2026-07-07_14-08-48
