2026-03-31_17-07-00,0,draft.go:2026-03-31_17-07-00
2026-03-31_17-08-42,0,draft.go:2026-03-31_17-07-00
2026-03-31_17-18-02,100,draft.go:2026-03-31_17-18-02
2026-03-31_17-19-53,100,draft.go:2026-03-31_17-18-02
2026-03-31_17-43-24,100,draft.go:2026-03-31_17-18-02
2026-04-07_17-10-21,100,draft.go:2026-04-07_17-10-21
2026-04-07_17-11-20,100,draft.go:2026-04-07_17-10-21
2026-04-07_17-11-28,---,draft.go:2026-04-07_17-10-21
2026-04-13_02-18-54,100,draft.go:2026-04-07_17-10-21
2026-04-13_02-18-55,100,draft.go:2026-04-07_17-10-21
