2026-03-31_17-56-39,0,draft.go:2026-03-31_17-56-39
2026-04-04_16-52-43,0,draft.go:2026-04-04_16-52-43
2026-04-06_16-22-43,0,draft.go:2026-04-04_16-52-43
2026-07-05_04-55-51,0,draft.go:2026-07-05_04-55-51
2026-07-05_04-55-52,0,draft.go:2026-07-05_04-55-51
2026-07-05_04-55-53,0,draft.go:2026-07-05_04-55-51
2026-07-05_04-55-53,0,draft.go:2026-07-05_04-55-51
2026-07-05_04-55-53,0,draft.go:2026-07-05_04-55-51
2026-07-05_04-55-53,0,draft.go:2026-07-05_04-55-51
2026-07-05_04-55-57,0,draft.go:2026-07-05_04-55-51
2026-07-05_04-55-58,0,draft.go:2026-07-05_04-55-51
2026-07-05_04-59-09,0,draft.go:2026-07-05_04-55-51
2026-07-05_04-59-29,0,draft.go:2026-07-05_04-59-29
2026-07-05_05-01-09,0,draft.go:2026-07-05_04-59-29
2026-07-05_05-03-39,0,draft.go:2026-07-05_05-03-39
2026-07-05_05-04-04,0,draft.go:2026-07-05_05-03-39
2026-07-05_05-04-14,0,draft.go:2026-07-05_05-03-39
2026-07-05_05-04-17,0,draft.go:2026-07-05_05-03-39
2026-07-05_05-04-18,---,draft.go:2026-07-05_05-03-39
2026-07-05_05-07-28,0,draft.go:2026-07-05_05-07-28
2026-07-05_05-07-36,0,draft.go:2026-07-05_05-07-28
