2026-03-16_16-34-28,0,draft.go:2026-03-16_16-34-28
2026-03-16_16-57-57,0,draft.go:2026-03-16_16-57-57
2026-03-16_16-57-58,0,draft.go:2026-03-16_16-57-57
2026-03-16_16-57-59,0,draft.go:2026-03-16_16-57-57
2026-03-16_16-57-59,0,draft.go:2026-03-16_16-57-57
2026-03-16_16-57-59,0,draft.go:2026-03-16_16-57-57
2026-03-16_16-58-00,0,draft.go:2026-03-16_16-57-57
2026-03-16_16-58-00,0,draft.go:2026-03-16_16-57-57
2026-03-16_16-58-00,0,draft.go:2026-03-16_16-57-57
2026-03-16_16-58-00,0,draft.go:2026-03-16_16-57-57
2026-03-16_17-29-27,0,draft.go:2026-03-16_16-57-57
2026-03-16_17-29-28,0,draft.go:2026-03-16_16-57-57
2026-03-16_17-29-28,0,draft.go:2026-03-16_16-57-57
2026-03-16_17-29-29,0,draft.go:2026-03-16_16-57-57
2026-03-16_17-29-49,0,draft.go:2026-03-16_17-29-49
2026-03-16_17-34-26,0,draft.go:2026-03-16_17-34-26
2026-03-16_17-34-30,---,draft.go:2026-03-16_17-34-26
2026-03-16_17-35-17,0,draft.go:2026-03-16_17-34-26
2026-03-17_16-57-39,0,draft.go:2026-03-17_16-57-39
2026-03-17_16-57-55,0,draft.go:2026-03-17_16-57-39
2026-03-17_17-04-25,0,draft.go:2026-03-17_17-04-25
2026-03-23_17-20-16,0,draft.go:2026-03-23_17-20-16
2026-03-23_18-05-43,0,draft.go:2026-03-23_18-05-43
2026-03-23_18-07-22,0,draft.go:2026-03-23_18-07-22
2026-03-23_18-09-39,0,draft.go:2026-03-23_18-09-39
2026-03-23_18-11-16,0,draft.go:2026-03-23_18-11-16
2026-03-23_18-12-48,0,draft.go:2026-03-23_18-11-16
2026-03-23_18-13-20,0,draft.go:2026-03-23_18-11-16
2026-03-23_18-13-52,0,draft.go:2026-03-23_18-13-52
2026-03-23_18-17-07,0,draft.go:2026-03-23_18-17-07
2026-03-24_16-45-06,0,draft.go:2026-03-23_18-17-07
2026-03-24_16-52-21,0,draft.go:2026-03-24_16-52-21
2026-03-24_16-52-43,0,draft.go:2026-03-24_16-52-43
2026-03-24_16-54-13,---,draft.go:2026-03-24_16-54-13
2026-03-24_16-57-57,0,draft.go:2026-03-24_16-57-57
2026-03-24_16-57-59,0,draft.go:2026-03-24_16-57-57
2026-03-24_16-58-00,0,draft.go:2026-03-24_16-57-57
2026-03-24_16-58-10,0,draft.go:2026-03-24_16-57-57
2026-03-24_16-58-11,0,draft.go:2026-03-24_16-57-57
2026-03-24_16-58-13,0,draft.go:2026-03-24_16-57-57
2026-03-24_16-58-14,0,draft.go:2026-03-24_16-57-57
2026-03-24_16-58-15,0,draft.go:2026-03-24_16-57-57
2026-03-24_16-58-32,0,draft.go:2026-03-24_16-57-57
2026-03-24_16-58-51,0,draft.go:2026-03-24_16-57-57
2026-03-24_17-03-31,0,draft.go:2026-03-24_17-03-31
2026-03-24_17-04-42,100,draft.go:2026-03-24_17-04-42
2026-03-24_17-06-26,100,draft.go:2026-03-24_17-06-26
2026-03-24_17-06-33,100,draft.go:2026-03-24_17-06-26
2026-03-24_17-06-42,100,draft.go:2026-03-24_17-06-26
2026-03-24_17-06-43,100,draft.go:2026-03-24_17-06-26
