2026-03-10_17-20-58,0,draft.go:2026-03-10_17-20-58
2026-03-10_17-20-58,0,draft.go:2026-03-10_17-20-58
2026-03-10_17-21-59,0,draft.go:2026-03-10_17-21-59
2026-03-10_17-24-42,0,draft.go:2026-03-10_17-21-59
2026-03-10_17-31-51,0,draft.go:2026-03-10_17-31-51
2026-03-10_17-32-29,0,draft.go:2026-03-10_17-32-29
2026-03-10_17-35-51,0,draft.go:2026-03-10_17-35-51
2026-03-10_17-37-47,---,draft.go:2026-03-10_17-37-47
2026-03-10_17-38-41,---,draft.go:2026-03-10_17-37-47
2026-03-10_17-40-31,0,draft.go:2026-03-10_17-40-31
2026-03-10_17-41-38,---,draft.go:2026-03-10_17-41-38
2026-03-10_17-41-49,0,draft.go:2026-03-10_17-41-38
2026-03-10_17-43-09,0,draft.go:2026-03-10_17-43-09
2026-03-10_17-44-32,0,draft.go:2026-03-10_17-44-32
2026-03-10_17-46-02,0,draft.go:2026-03-10_17-44-32
2026-03-10_17-46-30,0,draft.go:2026-03-10_17-44-32
2026-03-10_17-46-44,0,draft.go:2026-03-10_17-44-32
2026-03-10_17-49-11,0,draft.go:2026-03-10_17-49-11
2026-03-10_17-49-20,0,draft.go:2026-03-10_17-49-20
2026-03-10_17-49-30,0,draft.go:2026-03-10_17-49-30
2026-03-10_17-52-57,---,draft.go:2026-03-10_17-49-30
2026-03-10_17-54-27,0,draft.go:2026-03-10_17-49-30
2026-03-10_17-57-34,0,draft.go:2026-03-10_17-57-34
2026-03-10_17-58-10,0,draft.go:2026-03-10_17-57-34
2026-03-10_17-59-01,0,draft.go:2026-03-10_17-59-01
